[
  {
    "id": 1,
    "name": "Australia",
    "continent": "Oceania",
    "flag": "images/australia.png",
    "rank": 4
  },
  {
    "id": 2,
    "name": "England",
    "continent": "Europe",
    "flag": "images/england.png",
    "rank": 5
  },
  {
    "id": 3,
    "name": "Namibia",
    "continent": "Africa",
    "flag": "images/namibia.png",
    "rank": 8
  },
  {
    "id": 4,
    "name": "New Zealand",
    "continent": "Oceania",
    "flag": "images/newzealand.png",
    "rank": 3
  },
  {
    "id": 5,
    "name": "Pakistan",
    "continent": "Asia",
    "flag": "images/pakistan.png",
    "rank": 6
  },
  {
    "id": 6,
    "name": "Zimbabwe",
    "continent": "Africa",
    "flag": "images/zimbabwe.png",
    "rank": 7
  },
  {
    "id": 7,
    "name": "South Africa",
    "continent": "Africa",
    "flag": "images/southafrica.png",
    "rank": 2
  },
  {
    "id": 8,
    "name": "India",
    "continent": "Asia",
    "flag": "images/india.png",
    "rank": 1
  }
]